timestamp,temperature,pressure
1713260000,65.2,1.01
1713260002,66.1,1.03
1713260004,67.0,1.02
1713260006,66.5,1.04
1713260008,68.3,1.051776342782.0942106,62.79,1.79
1776342784.100593,78.78,1.35
1776342786.1053476,78.6,1.88
1776342788.107267,62.46,1.84
1776342790.1090515,69.38,1.95
1776342792.1127396,77.44,1.93
1776342794.1408138,75.92,1.88
1776342796.1437604,77.7,1.76
1776342798.146801,78.27,1.76
1776342800.1495776,70.75,1.67
1776342802.151008,70.01,1.66
1776342804.1566799,74.34,1.38
1776342806.174022,63.25,1.78
1776342808.1759725,77.73,1.08
1776342810.1807268,60.16,1.52
1776342812.1870723,73.72,1.66
1776342814.188281,60.53,1.4
1776342816.190819,68.45,1.95
1776342818.1922479,79.98,1.54
1776342820.1949675,60.29,1.6
1776342822.1980286,67.39,1.24
1776342824.2000806,78.7,1.29
1776342826.201701,73.32,1.36
1776342828.2038052,63.43,1.68
1776342830.206065,77.25,1.01
1776342832.207926,71.01,1.22
1776342834.2092361,61.94,1.63
1776342836.211081,76.59,1.5
1776342838.212746,63.14,1.49
1776342840.2144935,60.33,1.48
1776342842.2110512,68.92,1.19
1776342844.2123063,77.89,1.88
1776342846.2143145,67.45,1.26
1776342848.2200258,71.7,1.66
1776342850.2228303,60.72,1.54
1776342852.2251756,63.54,1.59
1776342854.2266862,66.66,1.6
1776342856.232398,68.54,1.33
1776342858.234648,61.69,1.88
1776342860.236795,72.81,1.0
1776342862.238822,69.68,1.87
1776342864.240251,66.81,1.43
1776342866.2427397,66.41,1.71
1776342868.2444997,76.92,1.99
1776342870.2460482,77.3,1.2
1776342872.2468507,78.85,1.58
1776342874.2485483,60.3,1.04
1776342876.251457,67.3,1.68
1776342878.2530215,76.18,1.6
1776342880.2550993,79.0,1.19
1776342882.256814,77.78,1.55
1776342884.258315,60.65,1.92
1776342886.2607388,76.91,1.09
1776342888.2626479,63.92,1.42
1776342890.2643206,68.57,1.22
1776342892.2663324,64.41,1.46
1776342894.268924,68.3,1.83
1776342896.2706943,69.9,1.53
1776342898.2725146,79.05,1.19
1776342900.274369,60.4,1.61
1776342902.2749765,62.92,1.74
1776342904.2765102,69.51,1.8
1776342906.2784126,61.48,1.3
1776342908.2801878,64.03,1.55
1776342910.2822006,69.1,1.09
1776342912.2840273,67.89,1.86
1776342914.285337,71.13,1.15
1776342916.2913954,66.5,1.28
1776342918.2972388,75.49,1.35
1776342920.2993376,66.53,1.23
1776342922.3012228,70.21,1.26
1776342924.3031743,68.87,1.22
1776342926.305068,60.82,1.8
1776342928.3066473,67.41,1.33
1776342930.30816,75.57,1.35
1776342932.3091488,72.61,1.28
1776342934.3108094,76.13,1.24
1776342936.3129213,61.04,1.47
1776342938.3146055,77.13,1.08
1776342940.3163435,64.7,1.03
1776342942.3192048,63.4,1.23
1776342944.3210049,78.12,1.32
1776342946.3223767,64.13,1.55
1776342948.3268273,67.37,1.8
1776342950.3290715,73.54,1.98
1776342952.3306708,75.76,1.18
1776342954.3320239,64.86,1.85
1776342956.3343875,60.9,1.16
1776342958.3368595,69.76,1.22
1776342960.3394368,72.56,1.66
1776342962.3408568,76.79,1.75
1776342964.3424182,68.3,1.68
1776342966.3441448,61.86,1.84
1776342968.3454807,79.21,1.08
1776342970.3473523,74.33,1.42
1776342972.3492572,62.64,1.08
1776342974.3507879,79.38,1.41
1776342976.3530278,75.89,1.88
1776342978.3550923,65.11,2.0
1776342980.3564556,71.09,1.83
1776342982.358401,71.28,2.0
1776342984.3600643,74.79,1.08
1776342986.3621466,70.05,1.05
1776342988.3634884,77.14,1.54
1776342990.365436,75.92,1.18
1776342992.3666368,64.13,1.79
1776342994.3683057,62.7,1.63
1776342996.370386,69.44,1.26
1776342998.3718376,63.25,1.0
1776343000.3736522,61.67,1.51
1776343002.3754644,76.97,1.34
1776343004.3770013,64.22,1.5
1776343006.3787894,70.84,1.23
1776343008.380363,78.46,1.02
1776343010.381956,78.03,1.73
1776343012.383921,75.74,1.17
1776343014.385481,68.79,1.28
1776343016.3873205,61.95,1.13
1776343018.389404,60.25,1.79
1776343020.3922243,66.59,1.42
1776343022.3937101,61.91,1.99
1776343024.3951263,72.5,1.75
1776343026.3970542,75.61,1.15
1776343028.3985431,63.32,1.33
1776343030.400785,68.24,1.52
1776343032.4023762,65.88,1.79
1776343034.403672,61.24,1.73
1776343036.4055204,73.83,1.54
1776343038.407183,76.96,1.82
1776343040.4089952,78.87,1.39
1776343042.4126394,69.13,1.74
1776343044.4140997,64.5,1.59
1776343046.4157481,74.98,1.61
1776343048.4171815,69.43,1.52
1776343050.4193208,78.73,1.37
1776343052.4206595,76.89,1.09
1776343054.4225073,69.95,1.27
1776343056.423639,77.48,1.16
1776343058.4251838,71.76,1.92
1776343060.4274344,67.92,1.66
1776343062.4288845,68.33,1.47
1776343064.4308023,70.04,1.97
1776343066.4358163,76.34,1.05
1776343068.4373038,60.61,1.63
1776343070.43906,79.78,1.29
1776343072.4403937,68.55,1.53
1776343074.4419513,71.4,1.76
1776343076.4442098,60.81,1.25
1776343078.4478023,74.73,1.38
1776343080.449888,79.04,1.72
1776343082.4508832,64.29,1.01
1776343084.4523213,75.61,1.48
1776343086.454368,60.52,1.37
1776343088.4560652,69.95,1.58
1776343090.4588192,78.97,1.19
1776343092.4616141,73.55,1.98
1776343094.4628463,74.17,1.38
1776343096.4643714,74.37,1.81
1776343098.466395,72.03,1.53
1776343100.4689074,79.55,1.32
1776343102.47023,75.7,1.15
1776343104.471729,77.06,1.69
1776343106.479349,64.88,1.59
1776343108.4814298,65.17,1.14
1776343110.4841056,77.72,1.36
1776343112.4867392,64.38,1.6
1776343114.4885106,60.8,1.38
1776343145.9259841,71.39,1.83
1776343147.9305038,79.24,1.61
1776343149.932425,62.87,1.75
1776343151.9345295,78.49,1.89
1776343153.9365628,72.86,1.95
1776343155.9391315,70.13,1.91
1776343157.9419713,65.41,1.62
1776343159.9444847,62.31,1.78
1776343161.9464428,77.6,1.61
1776343163.948372,67.83,1.78
1776343165.9505186,68.66,1.06
1776343167.9521234,63.8,1.66
1776343169.9535234,76.35,1.59
1776343171.9589949,76.66,1.84
1776343173.961494,70.36,1.82
1776343175.9639463,79.87,1.51
1776343177.9650276,76.22,1.84
1776343179.9666975,75.04,1.04
1776343181.972712,71.17,1.05
1776343183.978769,69.41,1.57
1776343185.980661,67.26,1.48
1776343187.9821026,68.58,1.9
1776343189.984504,78.55,1.89
1776343191.9907212,72.77,1.41
1776343193.9928024,72.47,1.48
1776343195.994636,72.42,1.14
1776343197.9962244,68.44,1.24
1776343199.9978275,75.71,1.19
1776343201.9983928,64.91,1.17
1776343204.000149,78.11,1.99
1776343206.0023124,66.49,1.66
1776343208.0034087,62.95,1.59
1776343210.0051184,70.74,1.23
1776343212.0065303,60.83,1.5
1776343214.0076675,70.01,1.9
1776343216.0088289,65.16,1.36
1776343218.0100894,60.62,1.06
1776343220.0118089,63.58,1.07
1776343222.0134442,62.24,1.93
1776343224.0154731,60.76,1.33
1776343226.0171268,68.72,1.97
1776343228.0188289,67.22,1.61
1776343230.021497,68.23,1.34
1776343232.0228896,79.62,1.82
1776343234.0244136,68.9,1.94
1776343236.0274458,71.22,1.6
1776343238.0285668,66.3,1.98
1776343240.030631,71.69,1.41
1776343242.0328307,69.23,1.8
1776343244.034501,74.45,1.1
1776343246.0357962,64.59,1.92
1776343248.037172,64.11,1.28
1776343250.0389047,61.68,1.78
1776343252.0404553,79.33,1.11
1776343254.041909,73.11,1.69
1776343256.0437346,67.89,1.74
1776343258.0453877,77.39,1.16
1776343260.0475504,70.97,1.92
1776343262.0491583,75.47,1.13
1776343264.0516744,76.66,1.4
1776343266.0528994,70.99,1.16
1776343268.054065,64.23,1.22
1776343270.0559282,70.53,1.36
1776343272.0576117,67.15,1.17
1776343274.05878,79.96,1.46
1776343276.05994,62.8,1.52
1776343278.0617552,77.28,1.84
1776343280.0633152,68.98,1.41
1776343282.0656514,66.59,1.9
1776343284.0670233,79.17,1.82
1776343286.0681388,73.37,1.52
1776343288.0709145,76.91,1.78
1776343290.0721428,61.38,1.15
1776343292.0764065,74.73,1.78
1776343294.081,65.56,1.7
1776343296.0825121,76.32,1.72
1776343298.083904,78.3,1.77
1776343300.0860083,61.16,1.5
1776343302.0876777,66.83,1.13
1776343304.089299,66.56,1.2
1776343306.0905845,69.53,1.22
1776343308.0929193,66.69,1.09
1776343310.0943549,74.01,1.37
1776343312.0957148,77.4,1.01
1776343314.0972576,60.77,1.22
1776343316.0984733,72.26,1.58
1776343318.0998535,75.24,1.92
1776343320.1018856,61.28,1.41
1776343322.103896,74.1,1.42
1776343324.1055126,76.42,1.38
1776343326.1075377,62.84,1.66
1776343328.1089199,76.09,1.48
1776343330.1106071,73.56,1.02
1776343332.1158686,68.06,1.58
1776343334.123459,76.66,1.0
1776343336.125856,70.19,1.09
1776343338.1276927,74.55,1.21
1776343340.1330464,66.02,1.43
1776343342.1351037,79.48,1.5
1776343344.136618,63.4,1.0
1776343346.1398249,72.8,1.96
1776343348.1417415,63.46,1.15
1776343350.1438699,60.01,1.71
1776343352.1453066,72.74,1.57
1776343354.151122,71.68,1.89
1776343356.1529145,62.24,1.05
1776343358.1545756,65.65,1.11
1776343360.1562483,62.06,1.44
1776343362.1581876,69.03,1.76
1776343364.160493,67.67,1.76
1776343366.1622534,76.65,1.77
1776343368.1634932,60.4,1.97
1776343370.1656208,68.38,1.89
1776343372.1672688,67.47,1.8
1776343374.1699173,70.97,1.45
1776343376.1717281,76.94,1.35
1776343378.1733553,76.12,1.88
1776343380.1749988,68.53,1.75
1776343382.177186,60.94,1.83
1776343384.1790838,73.35,1.6
1776343386.1809535,60.2,1.68
1776343388.1823223,73.51,1.05
1776343390.1849213,76.5,1.95
1776343392.1877112,77.45,1.78
1776343394.1894357,72.6,1.0
1776343396.1924307,61.35,1.37
1776343398.193797,78.64,1.74
1776343400.196047,79.73,1.32
1776343402.1987743,62.92,1.17
1776343404.2009866,76.16,1.1
1776343406.2069552,78.67,1.13
1776343408.2085197,66.6,1.32
1776343410.2107642,70.41,1.69
1776343412.2161531,61.71,1.47
1776343414.218061,69.68,1.23
1776343416.2199929,60.63,1.44
1776343418.2217793,69.09,1.4
1776343420.2234783,62.38,1.12
1776343422.2251406,70.87,1.07
1776343424.227399,64.26,1.64
1776343426.231573,72.15,1.41
1776343428.2328165,66.29,1.56
1776343430.2342613,66.8,1.94
1776343432.2361794,63.19,1.79
1776343434.238283,60.47,1.3
1776343436.2440786,72.94,1.79
1776343438.2455542,72.41,1.44
1776343440.247657,60.65,1.65
1776343442.24964,67.95,1.32
1776343444.2513266,72.84,1.01
1776343446.257231,64.87,1.17
1776343448.2584615,73.35,1.45
1776343450.2644074,78.13,1.2
1776343452.2702675,74.88,1.92
1776343454.272917,64.73,1.19
1776343456.2756374,76.0,1.93
1776343458.276969,76.72,1.94
1776343460.2830198,64.3,1.78
1776343462.2889967,69.39,1.93
1776343464.292648,64.5,1.4
1776343466.2981744,69.78,1.13
1776343468.2998178,78.3,1.92
1776343470.3027272,62.44,1.32
1776343472.3092167,71.36,1.05
1776343474.3152225,79.9,1.5
1776343476.3168244,76.75,1.41
1776343478.3180494,60.96,1.64
1776343480.3198574,74.64,1.67
1776343482.321579,68.92,1.69
1776343484.3289225,61.56,1.67
1776343486.3347464,63.23,1.31
1776343488.3370917,62.43,1.36
1776343490.338376,79.37,1.17
1776343492.3397942,68.37,1.93
1776343494.3414524,66.05,1.23
1776343496.343755,72.89,1.46
1776343498.345174,75.79,1.67
1776343500.3464382,75.72,1.88
1776343502.3477495,76.58,1.5
1776343504.350178,64.71,1.07
1776343506.3517396,73.48,1.21
1776343508.3534174,73.91,1.08
1776343510.3550336,62.83,1.77
1776343512.3574924,78.7,1.98
1776343514.359486,78.97,1.71
1776343516.3612545,70.34,1.02
1776343518.3626134,71.44,1.2
1776343520.3645713,75.91,1.56
1776343522.3671224,70.55,1.68
1776343524.368453,68.57,1.69
1776343526.370035,76.68,1.78
1776343528.3720286,73.71,1.35
1776343530.3738494,76.6,1.88
1776343532.3755307,68.89,1.55
1776343534.3773699,67.02,1.26
1776343536.37867,74.3,2.0
1776343538.3809633,77.55,1.2
1776343540.382592,60.46,1.3
1776343542.3840415,68.25,1.83
1776343544.3859303,77.24,1.38
1776343546.3878188,61.51,1.45
1776343548.3888917,78.58,1.02
1776343550.3907151,67.72,1.91
1776343552.4016771,74.55,1.89
1776343554.4040098,72.03,1.28
1776343556.4062376,63.69,1.51
1776343558.4089053,76.25,1.53
1776343594.2260265,71.21,1.54
1776343596.2284155,74.06,1.49
1776343598.2306755,77.41,1.81
1776343600.233859,63.28,1.6
1776343602.2372255,73.07,1.33
1776343604.2397108,72.87,1.71
1776343606.2425842,72.65,1.02
1776343608.251741,72.3,1.93
1776343610.2531652,75.94,1.36
1776343612.2645757,60.26,1.28
1776343614.2838533,63.28,1.53
1776343616.2902024,66.72,1.78
1776343618.2931275,66.26,1.37
1776343620.2949111,61.42,1.0
1776343622.2983818,77.64,1.1
1776343624.2995899,67.32,1.35
1776343626.3009207,75.32,1.21
1776343628.3028233,65.54,1.84
1776343630.304577,73.86,1.56
1776343632.305977,72.24,1.66
1776343634.3090103,75.01,1.14
1776343636.3102682,71.14,1.01
1776343638.3118799,60.35,1.93
1776343640.3134625,61.18,1.77
1776343642.3161168,79.86,2.0
1776343644.3183417,62.88,1.07
1776343646.3195581,65.56,1.63
1776343648.3219688,77.8,1.15
1776343650.323935,63.98,1.47
1776343652.3283281,78.97,1.75
1776343654.3304615,77.15,1.43
1776343656.3316143,67.77,1.38
1776343658.3333967,73.51,1.81
1776343660.3390713,69.28,1.72
1776343662.3415403,63.91,1.97
1776343664.3435454,78.77,1.41
1776343666.3448193,72.1,1.98
1776343668.3510225,70.91,1.28
1776343670.3538232,69.66,1.96
1776343672.3573294,66.8,1.68
1776343674.3595777,78.53,1.56
1776343676.3613038,77.99,1.78
1776343678.3631318,79.14,1.79
1776343680.3651185,79.35,1.01
1776343682.3679314,75.26,1.29
1776343684.370568,74.43,1.98
1776343686.3729272,62.55,1.84
1776343688.375568,62.91,1.73
1776343690.3779879,78.36,1.16
1776343692.3815129,65.06,1.31
1776343694.383346,74.09,1.75
1776343696.388445,73.62,1.13
1776343698.3908114,79.29,1.23
1776343700.3922634,74.72,1.04
1776343702.3952441,65.41,1.26
1776343704.3978078,75.22,1.18
1776343706.399415,72.2,1.66
1776343708.4018939,63.95,1.32
1776343710.4066956,74.66,1.06
1776343712.4086804,67.16,1.88
1776343714.4106884,67.3,1.97
1776343716.412383,68.28,2.0
1776343718.4141293,65.53,1.34
1776343720.4157875,70.56,1.4
1776343722.421359,63.13,1.83
1776343724.422912,60.19,1.83
1776343726.4247146,69.89,1.29
1776343728.4304783,60.71,1.98
1776343730.4330814,73.58,1.17
1776343732.436373,72.91,1.72
1776343734.438215,74.53,1.01
1776343736.4400012,72.77,1.74
1776343738.4418976,62.13,1.42
1776343740.4449577,66.96,1.0
1776343742.446744,79.17,1.95
1776343744.4480968,64.55,1.86
1776343746.4497538,76.41,1.71
1776343748.4519458,75.71,1.88
1776343750.4577916,60.35,1.73
1776343752.4604812,76.3,1.81
1776343754.466433,69.41,1.95
1776343756.4677806,74.82,1.89
1776343758.47137,65.02,1.65
1776343760.4769518,72.03,1.89
1776343762.4787207,74.56,1.95
1776343764.48095,72.5,1.8
1776343766.4836762,73.34,1.85
1776343768.4853358,71.76,1.18
1776343770.4869962,77.9,1.56
1776343772.4907238,75.72,1.62
1776343774.4950988,65.14,1.79
1776343776.4962935,63.32,1.83
1776343778.4982002,62.57,1.51
1776343780.5002801,79.72,1.2
1776343782.502429,66.97,1.09
1776343784.508423,76.97,1.2
1776343786.5099473,62.4,1.15
1776343788.511596,61.48,1.39
1776343790.5136878,63.15,1.55
1776343792.5158026,74.31,1.79
1776343794.517999,66.5,1.32
1776343796.5195372,76.5,1.09
1776343798.5214424,75.56,1.09
1776343800.527303,70.9,1.17
1776343802.5300198,78.65,1.96
1776343804.535725,77.13,1.52
1776343806.5371053,68.21,1.82
1776343808.5390275,65.88,1.98
1776343810.5404358,76.47,1.01
1776343812.5418005,60.42,1.89
1776343814.543433,68.37,1.13
1776343816.544954,62.27,1.67
1776343818.546959,62.88,1.35
1776343820.5528595,69.04,1.41
1776343822.5588143,61.22,1.28
1776343824.5644476,76.02,1.37
1776343826.5662825,77.51,1.78
1776343828.5719562,67.43,1.38
1776343830.5738235,60.68,1.98
1776343832.5753052,75.24,1.1
1776343834.5768483,73.79,1.14
1776343836.578425,76.08,1.57
1776343838.5816064,62.55,1.18
1776343840.5855246,69.82,1.2
1776343842.5874217,77.38,1.4
1776343844.5933096,75.17,1.99
1776343846.595032,60.24,1.49
1776343848.5969622,69.36,1.99
1776343850.5988982,70.82,1.62
1776343852.6003463,73.21,1.89
1776343854.6022093,74.68,1.83
1776343856.6034634,68.81,1.35
1776343858.6049917,69.55,1.62
1776343860.6066597,76.89,1.91
1776343862.6080477,75.6,1.24
1776343864.6101243,71.06,1.94
1776343866.6121976,73.96,1.25
1776343868.6148183,77.86,1.1
1776343870.6179469,69.02,1.61
1776343872.6199987,71.02,1.65
1776343874.6216533,76.77,1.42
1776343876.6231077,75.07,1.97
1776343878.6262693,65.16,1.98
1776343880.63187,64.23,1.59
1776343882.6341794,63.59,1.5
1776343884.6365843,65.31,1.84
1776343886.6379082,63.32,1.91
1776343888.6435297,72.85,1.9
1776343890.6453621,75.14,1.69
1776343892.6469188,62.52,1.21
1776343894.6489995,76.37,1.22
1776343896.6507301,68.57,1.12
1776343898.6519728,75.87,1.24
1776343900.6540778,64.02,1.2
1776343902.655353,64.0,1.83
1776343904.6568787,70.65,1.37
1776343906.658287,75.42,1.1
1776343908.6599553,77.29,1.15
1776343910.6621943,76.1,1.02
1776343912.6644123,71.78,1.18
1776343914.6662543,74.51,1.72
1776343916.674866,76.4,1.57
1776343918.6762795,78.12,1.55
1776343920.6784012,79.66,1.85
1776343922.68338,64.45,1.9
1776343924.6852942,64.68,1.5
1776343926.6871932,62.43,1.9
1776343928.6885862,78.2,1.13
1776343930.6907802,67.71,1.49
1776343932.692256,65.49,1.97
1776343934.6936815,76.4,1.76
1776343936.69495,67.24,1.74
1776343938.6968102,78.51,1.58
1776343940.6991508,71.26,1.79
1776343942.701335,64.99,1.44
1776343944.7030354,79.58,1.71
1776343946.7042027,76.8,1.14
1776343948.7072732,65.62,1.03
1776343950.7127542,79.45,1.2
1776343952.714094,61.61,1.46
1776343954.7163854,79.37,1.04
1776343956.7179031,76.07,1.18
1776343958.7236392,63.4,1.16
1776343960.7294137,78.71,1.93
1776343962.7315032,76.62,1.57
1776343964.7371047,71.68,1.29
1776343966.7383018,65.51,1.04
1776343968.7401488,62.11,1.74
1776343970.7459898,75.34,1.29
1776343972.7480903,62.18,1.96
1776343974.7537673,78.52,1.75
1776343976.7555501,69.59,1.35
1776343978.7570848,79.37,1.1
1776343980.7591288,69.83,1.67
1776343982.7608578,61.7,1.8
1776343984.7626626,65.11,1.16
1776343986.7638347,75.71,1.18
1776343988.7653801,69.2,1.06
1776343990.7684674,78.28,1.15
1776343992.7699628,67.68,1.46
1776343994.7714179,62.59,1.6
1776343996.7729697,66.85,1.11
1776343998.7749922,70.89,1.78
1776344000.780008,74.18,1.55
1776344002.7819357,65.28,1.58
1776344004.787452,73.73,1.44
1776344006.7891564,62.99,1.99
1776344008.791391,71.27,1.85
1776344010.793635,68.9,1.72
1776344012.7956352,69.1,1.45
1776344014.7974439,67.24,1.2
1776344016.7999938,73.77,1.99
1776344018.8031585,77.95,1.43
1776344020.810566,70.74,1.16
1776344022.8121278,70.49,1.75
1776344024.8137398,69.51,1.53
1776344026.8160458,78.9,1.83
1776344028.8173065,61.71,1.66
1776344030.8192928,66.94,1.56
1776344032.8261576,71.52,1.22
1776344034.829704,75.82,1.89
1776344036.831309,71.67,1.97
1776344038.8384514,73.63,1.76
1776344040.8421085,61.91,1.8
1776344042.8473587,62.11,1.94
1776344044.8488028,76.22,1.19
1776344046.8505526,65.91,1.94
1776344048.8565614,75.31,1.84
1776344050.8582153,65.71,1.1
1776344052.862204,63.71,1.03
1776344054.8640015,77.87,1.68
1776344056.8669999,79.26,1.37
1776344058.8690443,78.17,1.59
1776344060.8707883,66.55,1.47
1776344062.872483,63.65,1.39
1776344064.8745265,66.99,1.49
1776344066.876481,67.1,1.91
1776344068.8782473,62.65,1.86
1776344070.8800285,65.4,1.32
1776344072.8816147,76.93,1.2
1776344074.8836613,68.88,1.31
1776344076.8862185,78.65,1.39
1776344078.887933,68.61,1.04
1776344080.8901784,62.73,1.54
1776344082.89242,67.41,1.36
1776344084.898656,61.79,1.59
1776344086.9000354,70.06,1.08
1776344088.9015188,75.84,1.44
1776344090.9033594,72.06,1.79
1776344092.9047897,79.79,1.44
1776344094.9062233,62.99,1.98
1776344096.9078453,60.2,1.85
1776344098.9103985,65.16,1.08
1776344100.912347,68.72,1.88
1776344102.9174492,75.03,1.82
1776344104.9196792,68.85,1.92
1776344106.9216359,74.01,1.99
1776344108.9234414,61.08,1.48
1776344110.9252608,77.58,1.1
1776344112.931068,63.4,1.19
1776344114.932481,66.98,1.24
1776344116.9338605,67.64,1.91
1776344118.9353485,71.42,1.14
1776344120.9387052,63.55,1.36
1776344122.9413302,74.25,1.93
1776344124.9428847,74.24,1.57
1776344126.9443295,60.99,1.87
1776344128.9456766,66.05,1.33
1776344130.947033,73.42,1.82
1776344132.9483507,67.98,1.93
1776344134.9501815,67.37,1.27
1776344136.9516814,73.98,1.12
1776344138.9541795,72.53,1.04
1776344140.9564636,60.46,1.65
1776344142.95803,75.48,1.55
1776344144.959889,76.15,1.99
1776344146.961469,67.3,1.38
1776344148.9632714,76.0,1.55
1776344150.965611,63.35,1.29
1776344152.9715168,75.26,1.21
1776344154.9737806,77.56,1.52
1776344156.975117,66.61,1.27
1776344158.9769676,76.11,1.51
1776344160.9790514,77.43,1.8
1776344162.9807365,70.23,1.18
1776344164.9826014,74.3,1.81
1776344166.9844584,78.21,1.5
1776344168.9863713,63.4,1.98
1776344170.9882655,69.2,1.47
1776344172.9902768,78.52,1.85
1776344174.9959245,64.49,1.46
1776344176.9970403,67.07,1.54
1776344178.9984698,63.51,1.56
1776344181.000715,60.54,1.91
1776344183.0024798,67.69,1.14
1776344185.0062919,67.54,1.53
1776344187.0076234,79.85,1.56
1776344189.0090659,69.05,1.58
1776344191.0108392,61.7,1.85
1776344193.0125465,71.82,1.18
1776344195.0142064,66.38,1.87
1776344197.0160239,65.66,1.58
1776344199.0172846,72.44,1.97
1776344201.0200756,75.98,1.47
1776344203.0260007,76.37,1.05
1776344205.0273778,61.82,1.15
1776344207.029134,71.87,1.43
1776344209.0308495,71.2,1.15
1776344211.0325778,67.37,1.82
1776344213.0341153,72.51,1.43
1776344215.0359924,62.7,1.84
1776344217.037279,67.13,1.32
1776344219.039107,60.93,1.33
1776344221.0406332,79.6,1.53
1776344223.0421746,74.45,1.08
1776344225.0442278,72.86,1.91
1776344227.0457053,61.62,1.13
1776344229.0473588,63.36,1.2
1776344231.0490868,70.56,1.18
1776344233.050495,63.62,1.63
1776344235.0523937,71.64,1.3
1776344237.0545797,79.47,1.05
1776344239.057097,76.45,1.67
1776344241.0591023,66.25,1.98
1776344243.0618997,65.33,1.13
1776344245.0638475,74.0,1.25
1776344247.0650935,63.25,1.49
1776344249.070922,71.69,1.89
1776344251.0730038,79.0,1.41
1776344253.0788825,73.52,1.5
1776344255.0801969,63.43,1.76
1776344257.0812147,66.79,1.88
1776344259.0834396,78.47,1.88
1776344261.085141,79.61,1.64
1776344263.090053,72.26,1.96
1776344265.093375,63.43,1.17
1776344267.0949554,71.38,1.87
1776344269.1019602,75.71,1.48
1776344271.1037908,60.98,1.51
1776344273.1062086,63.65,1.64
1776344275.1073854,74.11,1.71
1776344277.1087804,76.96,1.44
1776344279.1103883,65.72,1.44
1776344281.114234,79.97,1.31
1776344283.116102,67.27,1.44
1776344285.1178646,65.82,1.08
1776344287.1205676,60.89,1.86
1776344289.126209,63.59,1.26
1776344291.1283247,62.5,1.79
1776344293.1344182,66.84,1.52
1776344295.1366212,60.69,1.87
1776344297.1383953,72.33,1.77
1776344299.139816,70.36,1.19
1776344301.1414325,78.78,1.54
1776344303.143372,63.01,1.46
1776344305.144944,72.75,1.71
1776344307.1463692,67.75,1.27
1776344309.1480267,69.98,1.82
1776344311.1497352,68.8,1.73
1776344313.1510715,63.5,1.44
1776344315.152742,60.93,1.19
1776344317.15546,79.87,1.09
1776344319.1575894,70.11,1.05
1776344321.158943,69.25,1.22
1776344323.1604679,60.44,1.97
1776344325.1620536,69.71,1.26
1776344327.1636271,78.25,1.08
1776344329.16524,66.7,1.99
1776344331.166614,72.82,1.59
1776344333.1683295,70.6,1.57
1776344335.170009,73.89,1.4
1776344337.172279,67.13,1.51
1776344339.1738133,79.38,1.68
1776344341.17595,72.36,2.0
1776344343.1775753,63.17,1.28
1776344345.1793876,60.45,1.07
1776344347.1808338,68.21,1.12
1776344349.1827059,74.95,1.22
1776344351.1843174,77.29,1.04
1776344353.1862452,75.03,1.78
1776344355.1881514,60.07,1.71
1776344357.1898046,65.1,1.7
1776344359.1912217,67.4,1.98
1776344361.1926305,76.91,1.24
1776344363.1941361,78.63,1.86
1776344365.1968625,72.86,1.64
1776344367.198918,71.18,1.76
1776344369.2006035,70.34,1.58
1776344371.2025483,79.34,1.31
1776344373.2044263,65.24,1.97
1776344375.2063587,66.89,1.28
1776344377.208358,79.88,1.28
1776344379.2103188,66.18,1.41
1776344381.2122793,60.7,1.99
1776344383.2137108,72.44,1.61
1776344385.2154253,79.21,1.91
1776344387.2175574,77.82,1.32
1776344389.2202473,69.78,1.7
1776344391.2223492,71.53,1.35
1776344393.2246232,61.01,1.49
1776344395.2266479,77.23,1.75
1776344397.2281892,65.03,1.64
1776344399.230725,73.43,1.02
1776344401.2364593,75.06,1.21
1776344403.237708,74.52,1.61
1776344405.2424543,60.39,1.08
1776344407.2442846,74.0,1.62
1776344409.2467482,75.28,1.59
1776344411.2484815,65.12,1.53
1776344413.2503023,75.09,1.02
1776344415.2518778,62.6,1.17
1776344417.2537646,70.5,1.52
1776344419.2561615,73.31,1.33
1776344421.2576597,63.59,1.54
1776344423.2594771,63.99,1.48
1776344425.2621222,72.85,1.71
1776344427.263547,77.55,1.01
1776344429.2654057,76.14,1.53
1776344431.2676263,72.96,1.7
1776344433.2704377,74.38,1.19
1776344435.272929,75.93,1.47
1776344437.2748294,75.16,1.06
1776344439.2765133,61.77,1.1
1776344441.2781012,61.34,1.23
1776344443.2805357,72.57,1.4
1776344445.2820237,65.01,1.29
1776344447.2837515,65.68,1.53
1776344449.2857313,79.71,1.76
1776344451.2881145,74.5,1.19
1776344453.2896304,72.61,1.45
1776344455.2914686,72.28,1.25
1776344457.2927,66.49,1.22
1776344459.2951589,62.36,1.5
1776344461.2971973,63.36,1.63
1776344463.302608,79.11,1.29
1776344465.304658,68.66,1.04
1776344467.3090575,70.48,1.58
1776344469.3128386,62.35,1.95
1776344471.3180442,75.06,1.74
1776344473.3225648,70.31,1.21
1776344475.3240955,62.3,1.87
1776344477.3253627,67.37,1.99
1776344479.3276227,78.9,1.57
1776344481.3298979,77.0,1.78
1776344483.3317661,62.35,1.15
1776344485.3336253,63.25,1.93
1776344487.3356748,63.27,1.71
1776344489.3376784,60.74,1.7
1776344491.3392594,60.46,1.52
1776344493.3409345,76.13,1.27
1776344495.3431406,78.91,1.67
1776344497.345043,62.61,1.15
1776344499.3465426,63.43,1.93
1776344501.3485572,62.32,1.05
1776344503.3503916,62.79,1.61
1776344505.3529365,74.16,1.4
1776344507.3547473,62.74,1.49
1776344509.3577778,66.29,1.93
1776344511.3596516,77.18,1.3
1776344513.3614726,67.66,1.03
1776344515.3629177,69.8,1.92
1776344517.364528,61.63,1.68
1776344519.3667915,68.24,1.38
1776344521.3683896,68.99,1.81
1776344523.369989,64.07,1.72
1776344525.3717892,72.56,1.85
1776344527.373818,74.62,1.04
1776344529.3753772,75.63,1.78
1776344531.3772686,77.88,1.11
1776344533.3794546,72.23,1.43
1776344535.3813517,65.79,1.63
1776344537.3831038,70.59,1.14
1776344539.385147,69.12,1.34
1776344541.3913217,63.96,1.35
1776344543.3931854,74.63,1.48
1776344545.3951745,64.65,1.79
1776344547.3967242,75.83,1.87
1776344549.398713,63.56,1.69
1776344551.4006903,74.79,1.46
1776344553.402647,74.26,1.1
1776344555.404383,72.08,1.81
1776344557.4061136,71.67,1.5
1776344559.4077227,77.72,1.11
1776344561.409629,62.13,1.67
1776344563.4111645,73.52,1.11
1776344565.4125438,71.4,1.37
1776344567.4141397,62.28,1.02
1776344569.4166157,79.49,2.0
1776344571.4185355,62.29,1.16
1776344573.420431,68.68,1.77
1776344575.4223785,70.56,1.12
1776344577.4264255,79.98,1.99
1776344579.4288347,73.98,1.44
1776344581.4308114,65.33,1.83
1776344583.433211,65.05,1.26
1776344585.4351482,60.54,1.91
1776344587.439067,62.65,1.47
1776344589.4411566,78.21,1.56
1776344591.4429746,79.63,1.04
1776344593.4450257,77.24,1.68
1776344595.446646,61.03,1.51
1776344597.4482803,75.39,1.86
1776344599.450064,60.72,1.5
1776344601.4522092,62.28,1.28
1776344603.4539266,65.68,1.13
1776344605.4555368,61.71,1.43
1776344607.4571753,64.67,1.43
1776344609.4589233,70.28,1.35
1776344611.4604979,70.84,1.03
1776344613.460804,74.87,1.4
1776344615.46264,76.75,1.17
1776344617.4641585,67.3,1.08
1776344619.4660645,73.12,1.07
1776344621.4679704,61.8,1.35
1776344623.4700413,69.07,1.61
1776344625.4715197,68.35,1.38
1776344627.4731636,69.61,1.65
1776344629.475635,72.7,1.65
1776344631.4778593,63.44,1.91
1776344633.4794247,76.83,1.26
1776344635.481099,75.6,1.17
1776344637.482645,71.51,1.85
1776344639.484342,70.6,1.37
1776344641.4855967,68.27,1.58
1776344643.4879987,62.93,1.03
1776344645.4897797,62.61,1.04
1776344647.491218,65.2,1.93
1776344649.4932477,72.36,1.69
1776344651.4992259,61.82,1.27
1776344653.5024512,61.97,1.79
1776344655.5040088,78.44,1.64
1776344657.5064356,77.25,1.49
1776344659.5082552,62.49,1.64
1776344661.5106547,61.43,1.12
1776344663.5133748,68.15,1.18
1776344665.5165427,76.04,1.13
1776344667.518305,73.56,1.08
1776344669.5201807,69.38,1.46
1776344671.5215833,70.37,1.24
1776344673.523356,61.84,1.49
1776344675.5253086,74.46,1.81
1776344677.5271192,77.26,1.54
1776344679.5290961,60.83,1.78
1776344681.5304189,62.6,1.47
1776344683.5320892,74.24,1.2
1776344685.5342057,73.69,1.51
1776344687.5359862,74.08,1.87
1776344689.537879,60.58,1.01
1776344691.5397968,63.6,1.08
1776344693.542103,62.39,1.92
1776344695.547776,71.62,1.39
1776344697.5494967,71.79,1.27
1776344699.5510876,65.3,1.81
1776344701.5530415,66.08,1.14
1776344703.5544388,60.23,1.81
1776344705.5563343,74.78,1.13
1776344707.5582457,78.34,1.98
1776344709.560543,72.48,1.14
1776344711.56202,76.95,1.55
1776344713.5660522,73.42,1.42
1776344715.571715,68.58,1.45
1776344717.5737534,62.18,1.14
1776344719.5761352,63.15,1.23
1776344721.5822613,71.99,1.5
1776344723.585145,65.3,1.39
1776344725.5871425,70.41,1.88
1776344727.588391,76.13,1.67
1776344729.5912454,78.57,1.28
1776344731.5965474,64.35,1.14
1776344733.598862,71.38,1.55
1776344735.6006103,65.84,1.95
1776344737.6026323,68.52,1.1
1776344739.6044781,69.15,1.88
1776344741.6103384,68.98,1.38
1776344743.616397,65.66,1.75
1776344745.6255496,63.26,1.32
1776344747.6314225,63.26,1.76
1776344749.6329553,69.7,1.88
1776344751.6351297,61.59,1.06
1776344753.6372645,78.31,1.03
1776344755.6426501,66.23,1.02
1776344757.6438725,75.01,1.45
1776344759.6483989,66.45,1.19
1776344761.6540391,60.94,1.72
1776344763.6599839,77.3,1.2
1776344765.6657498,77.51,1.98
1776344767.671045,64.02,1.5
1776344769.673439,70.47,1.96
1776344771.6795366,66.55,1.14
1776344773.6828938,79.59,1.2
1776344775.6884367,74.64,1.46
1776344777.6919713,68.11,1.97
1776344779.6937287,62.92,1.25
1776344781.6998801,67.61,1.32
1776344783.7020934,65.12,1.56
1776344785.7079422,78.43,1.81
1776344787.70983,60.73,1.98
1776344789.711394,77.56,1.27
1776344791.7129588,65.29,1.79
1776344793.7184525,79.56,1.66
1776344795.7206645,75.0,1.98
1776344797.722481,72.3,1.9
1776344799.724072,78.39,1.66
1776344801.7258804,66.62,1.79
1776344803.7272494,75.16,1.79
1776344805.7300115,76.16,1.35
1776344807.731027,63.24,1.29
1776344809.7331007,65.41,1.58
1776344811.738059,76.68,1.34
1776344813.743538,60.47,1.19
1776344815.74501,76.53,1.18
1776344817.7465959,68.07,1.54
1776344819.7481582,64.33,1.58
1776344821.7499554,73.28,1.48
1776344823.7525911,64.05,1.89
1776344825.753913,61.94,1.09
1776344827.7557874,78.56,1.33
1776344829.7575662,66.34,1.74
1776344831.7601771,77.48,1.96
1776344833.761931,72.27,1.13
1776344835.7636135,64.2,1.21
1776344837.7662005,74.24,1.08
1776344839.7678275,66.44,1.61
1776344841.7697544,61.33,1.28
1776344843.7716637,63.22,1.83
1776344845.773918,70.44,1.19
1776344847.7776322,60.24,1.55
1776344849.7794302,78.51,1.84
1776344851.7813292,69.75,1.33
1776344853.7827692,68.21,1.78
1776344855.784773,72.97,1.66
1776344857.7863312,67.87,1.67
1776344859.7885563,69.34,1.31
1776344861.7939713,69.3,1.92
1776344863.7962108,62.81,1.31
1776344865.7985213,73.64,1.88
1776344867.8001785,75.01,1.75
1776344869.8019671,75.29,1.06
1776344871.8032544,62.57,1.46
1776344873.809327,77.78,1.32
1776344875.8112402,65.56,1.36
1776344877.81418,66.61,1.64
1776344879.8158216,67.22,1.94
1776344881.8191187,70.21,1.07
1776344883.8233557,70.41,1.55
1776344885.8254895,74.47,1.04
1776344887.8273969,77.65,1.29
1776344889.8293295,75.27,1.75
1776344891.8311725,79.9,1.13
1776344893.8330166,64.59,1.22
1776344895.834282,65.03,1.24
1776344897.8361273,79.96,1.5
1776344899.838286,61.53,1.24
1776344901.8400404,72.0,1.55
1776344903.8456717,70.49,1.89
1776344905.8482947,75.02,1.5
1776344907.8507125,65.55,1.43
1776344909.8528986,61.58,1.12
1776344911.8548145,76.56,1.58
1776344913.861129,60.02,1.09
1776344915.8710065,61.12,1.13
1776344917.8722613,70.67,1.79
1776344919.8745382,78.18,1.1
1776344921.8789995,62.02,1.75
1776344923.8846128,67.5,1.4
1776344925.887526,75.57,1.9
1776344927.8934636,66.17,1.02
1776344929.8952987,71.18,1.92
1776344931.9013512,61.9,1.21
1776344933.9073467,73.21,1.44
1776344935.913569,78.37,1.11
1776344937.915578,69.0,1.28
1776344939.917336,78.98,1.72
1776344941.9190397,73.67,1.26
1776344943.9214664,60.65,1.82
1776344945.92712,61.78,1.11
1776344947.9289799,65.97,1.92
1776344949.9311001,72.83,1.89
1776344951.9324288,60.29,1.07
1776344953.9346392,70.88,1.5
1776344955.9375913,69.55,1.33
1776344957.9404182,73.44,1.5
1776344959.942444,60.0,1.97
1776344961.9487376,66.78,1.91
1776344963.9504404,60.33,1.93
1776344965.9517426,68.63,1.04
1776344967.9539335,62.84,1.44
1776344969.9562075,74.94,1.79
1776344971.9618819,66.28,1.2
1776344973.9643474,64.13,1.98
1776344975.96896,77.49,1.48
1776344977.973858,67.92,1.57
1776344979.9759383,75.91,1.61
1776344981.9822664,67.06,1.77
1776344983.988161,66.4,1.15
1776344985.991227,73.81,1.56
1776344987.9926882,75.75,1.82
1776344989.9952095,68.03,1.01
1776344991.99764,78.01,1.72
1776344993.9999833,66.67,1.14
1776344996.0057795,79.85,1.6
1776344998.0078561,76.95,1.4
1776345000.0093005,64.92,1.36
1776345002.0103185,65.28,1.56
1776345004.011793,78.61,1.55
1776345006.013323,77.97,1.03
1776345008.015046,69.93,1.29
1776345010.0168672,64.08,1.11
1776345012.018121,75.87,1.83
1776345014.0202286,64.94,1.06
1776345016.0258095,73.3,1.76
1776345018.0278783,68.14,1.01
1776345020.0301397,71.57,1.78
1776345022.0361168,78.4,1.74
1776345024.0382733,74.95,1.15
1776345026.0404747,76.17,1.13
1776345028.0425017,74.34,1.2
1776345030.0444522,63.4,1.71
1776345032.046485,78.17,1.21
1776345034.047808,75.01,1.17
1776345036.0497127,61.85,1.14
1776345038.051705,60.29,1.93
1776345040.0537024,63.73,1.64
1776345042.0557265,73.46,1.08
1776345044.058101,77.92,1.93
1776345046.0606318,60.5,1.08
1776345048.062323,62.36,1.4
1776345050.0646281,65.93,1.04
1776345052.0708625,74.99,1.41
1776345054.0731354,69.3,1.94
1776345056.0747857,64.49,1.26
1776345058.0771132,63.12,1.86
1776345060.0792496,75.98,1.27
1776345062.0818765,75.76,1.72
1776345064.087523,76.94,1.56
1776345066.0893233,65.9,1.25
1776345068.0914176,65.85,1.69
1776345070.0938857,73.49,1.42
1776345072.096146,68.78,1.9
1776345074.1022115,70.72,1.6
1776345076.104355,67.3,1.07
1776345078.1055517,79.71,1.98
1776345080.1072166,60.1,1.39
1776345082.1126087,71.02,1.85
1776345084.1184156,74.29,1.24
1776345086.120651,62.7,1.92
1776345088.1263294,77.39,1.74
1776345090.1282134,70.76,1.79
1776345092.1313992,65.79,1.05
1776345094.133628,71.22,1.1
1776345096.140196,70.29,1.34
1776345098.1463974,61.92,1.45
1776345100.1488929,64.97,1.9
1776345102.1505764,61.41,1.55
1776345104.1527066,61.67,1.93
1776345106.1585,64.14,1.54
1776345108.1604834,64.25,1.17
1776345110.1627586,66.55,1.7
1776345112.16515,78.73,1.07
1776345114.1676826,75.29,1.78
1776345116.169609,63.72,1.99
1776345118.1755886,64.98,1.03
1776345120.1813653,63.14,1.62
1776345122.186463,73.94,1.84
1776345124.1896996,63.97,1.03
1776345126.1913307,61.74,1.28
1776345128.1972344,77.55,1.66
1776345130.2003171,62.74,1.55
1776345132.2021432,63.91,1.45
1776345134.2081997,75.08,1.8
1776345136.2140148,65.0,1.87
1776345138.2161088,78.03,1.54
1776345140.217556,74.65,1.66
1776345142.2233925,76.02,1.76
1776345144.2288103,78.7,1.59
1776345146.2346504,70.44,1.93
1776345148.236661,72.42,1.29
1776345150.238101,68.65,1.99
1776345152.2440836,71.56,1.42
1776345154.2467105,65.09,1.06
1776345156.248501,74.48,1.53
1776345158.2501051,68.93,1.38
1776345160.2517502,72.5,1.45
1776345162.2532582,73.68,1.05
1776345164.2547624,68.2,1.65
1776345166.2561715,61.1,1.38
1776345168.259199,76.91,1.69
1776345170.2612925,60.45,1.11
1776345172.26302,62.31,1.7
1776345174.2649722,72.11,1.48
1776345176.266977,76.65,1.04
1776345178.269276,61.6,1.97
1776345180.2714522,61.13,1.85
1776345182.2739263,64.56,1.27
1776345184.27585,66.16,1.56
1776345186.2813818,61.83,1.1
1776345188.2833507,78.64,1.54
1776345190.2852893,69.48,1.94
1776345192.2872734,72.74,1.1
1776345194.2890584,64.64,1.37
1776345196.2914114,70.92,1.07
1776345198.2931466,71.29,1.5
1776345200.2954693,71.35,1.75
1776345202.297983,73.13,1.89
1776345204.3043914,60.38,1.74
1776345206.306877,66.37,1.14
1776345208.308344,64.06,1.21
1776345210.310469,67.88,1.88
1776345212.312164,78.38,1.0
1776345214.314233,77.74,1.83
1776345216.3189867,61.6,1.21
1776345218.321178,70.96,1.86
1776345220.3233054,71.97,1.18
1776345222.3259873,77.32,1.3
1776345224.3283148,78.0,1.62
1776345226.3306165,78.64,1.21
1776345228.3339107,73.95,1.1
1776345230.3357735,62.72,1.4
1776345232.3421674,70.23,1.74
1776345234.3441112,79.97,1.24
1776345236.3512084,72.57,1.03
1776345238.352653,68.55,1.19
1776345240.3552241,60.55,1.02
1776345242.362849,68.96,1.44
1776345244.365016,63.47,1.87
1776345246.3675086,70.88,1.25
1776345248.3744507,78.33,1.2
1776345250.376523,70.81,1.4
1776345252.3784847,77.59,1.59
1776345254.381189,74.18,1.19
1776345256.3831398,67.35,1.91
1776345258.3851244,78.78,1.31
1776345260.3865547,67.09,1.57
1776345262.3886354,60.19,1.31
1776345264.3912935,62.63,1.81
1776345266.393256,73.04,1.03
1776345268.39546,76.37,1.88
1776345270.3981507,77.6,1.67
1776345272.4001036,79.19,1.36
1776345274.4054437,68.04,1.51
1776345276.4072356,78.12,1.14
1776345278.4098535,68.91,1.78
1776345280.4133797,74.18,1.26
1776345282.4153025,77.5,1.51
1776345284.4170647,74.68,1.85
1776345286.418789,72.05,1.41
1776345288.4207919,79.13,1.68
1776345290.422821,60.97,1.14
1776345292.4249613,60.83,1.13
1776345294.4280877,79.78,1.53
1776345296.4317,65.05,1.52
1776345298.4337125,75.99,1.91
1776345300.435676,70.15,1.09
1776345302.4373918,79.52,1.81
1776345304.4423645,62.97,1.37
1776345306.444323,78.95,1.48
1776345308.4471576,63.81,1.79
1776345310.4489815,70.76,1.47
1776345312.452815,72.29,1.07
1776345314.4544299,77.16,1.27
1776345316.4558952,67.22,1.61
1776345318.4587674,64.79,1.4
1776345320.4606879,67.2,1.13
1776345322.4619935,73.98,1.95
1776345324.4641707,72.62,1.38
1776345326.4659147,78.92,1.17
1776345328.46734,60.05,1.88
1776345330.4699981,76.3,1.88
1776345332.4712803,78.92,1.34
1776345334.47318,77.85,1.3
1776345336.4751725,60.47,1.7
1776345338.4767892,67.92,1.17
1776345340.4788706,61.37,1.41
1776345342.4803793,67.24,1.28
1776345344.4822004,60.86,1.84
1776345346.4881918,79.3,1.3
1776345348.4902017,65.88,1.89
1776345350.491813,69.61,1.27
1776345352.4935288,61.63,1.54
1776345354.4955454,68.5,1.84
1776345356.4970229,78.79,1.92
1776345358.499232,78.41,1.16
1776345360.5010564,70.65,1.53
1776345362.5024004,66.02,1.55
1776345364.5041792,68.2,1.21
1776345366.5063105,76.73,1.01
1776345368.5083883,62.54,1.68
1776345370.510316,60.71,1.4
1776345372.5117092,72.67,1.85
1776345374.5132635,79.39,1.81
1776345376.5153515,76.4,1.63
1776345378.5173347,77.76,1.51
1776345380.5192282,68.78,1.47
1776345382.521296,67.0,1.19
1776345384.523169,60.04,1.91
1776345386.5249314,61.54,1.58
1776345388.5265677,61.34,1.64
1776345390.5328834,74.77,1.79
1776345392.5341032,70.24,1.56
1776345394.535494,66.05,1.32
1776345396.537789,60.47,1.42
1776345398.5391219,66.2,1.49
1776345400.5416677,66.01,1.08
1776345402.5434258,79.19,1.74
1776345404.5455663,60.39,1.81
1776345406.5474162,70.8,1.16
1776345408.5489435,62.61,1.91
1776345410.5509248,65.5,1.54
1776345412.5526304,73.37,1.99
1776345414.554841,64.95,1.24
1776345416.5561514,60.96,1.99
1776345418.5578692,61.05,1.13
1776345420.559993,64.43,1.34
1776345422.5625823,76.09,1.93
1776345424.5641186,74.98,1.04
1776345426.5661726,77.63,1.86
1776345428.567993,70.27,1.84
1776345430.5698335,68.31,1.65
1776345432.572316,78.83,1.1
1776345434.5740244,61.0,1.59
1776345436.5759068,66.28,1.19
1776345438.5772736,61.2,1.17
1776345440.5788188,61.47,1.89
1776345442.5950928,70.15,1.98
1776345444.5977397,65.25,1.75
1776345446.5991535,61.05,1.19
1776345448.6008644,67.64,1.27
1776345450.6025455,73.14,1.22
1776345452.6034918,73.55,1.1
1776345454.60503,78.3,1.45
1776345456.6067379,60.37,1.09
1776345458.6089227,62.06,1.07
1776345460.6130476,65.55,1.17
1776345462.615068,73.96,1.12
1776345464.6164527,66.26,1.41
1776345466.619767,63.64,1.34
1776345468.6261165,62.52,1.83
1776345470.6283197,76.23,1.6
1776345472.6301064,72.58,1.45
1776345474.6315477,64.03,1.14
1776345476.633627,62.05,1.27
1776345478.6356587,78.83,1.92
1776345480.6376314,67.29,1.87
1776345482.6395302,70.32,1.17
1776345484.641609,78.32,1.57
1776345486.6436856,75.79,1.75
1776345488.6457157,64.28,1.01
1776345490.6477308,60.17,1.19
1776345492.6507914,73.0,1.97
1776345494.6521177,73.05,1.76
1776345496.6541703,67.9,1.67
1776345498.6557117,66.92,1.81
1776345500.6582732,77.03,1.39
1776345502.6599972,74.46,1.25
1776345504.6616998,62.91,1.48
1776345506.6631727,71.97,1.79
1776345508.6652436,79.67,1.8
1776345510.6672854,69.82,1.92
1776345512.6691787,71.89,1.18
1776345514.6706603,78.71,1.61
1776345516.6722465,70.26,1.19
1776345518.6740406,61.82,1.39
1776345520.6761453,72.68,1.59
1776345522.678232,78.27,1.79
1776345524.6821666,76.39,1.96
1776345526.6881008,64.83,1.43
1776345528.6895368,65.97,1.09
1776345530.6921813,78.17,1.88
1776345532.6954215,65.39,1.09
1776345534.697674,74.06,1.4
1776345536.6999326,74.54,1.3
1776345538.7017589,71.37,1.83
1776345540.7037578,74.97,1.81
1776345542.7054029,67.7,1.4
1776345544.7074375,61.7,1.75
1776345546.7098622,65.75,1.88
1776345548.7117343,62.86,1.69
1776345550.7132552,66.31,1.6
1776345552.7153344,78.69,1.5
1776345554.71753,75.09,1.55
1776345556.7196476,74.84,1.68
1776345558.7216253,61.62,1.96
1776345560.7232788,72.11,1.37
1776345562.7251058,67.84,1.48
1776345564.727124,63.84,1.59
1776345566.7294614,70.44,1.61
1776345568.7313876,75.12,1.17
1776345570.7333696,79.66,1.35
1776345572.735662,68.4,1.53
1776345574.7385895,72.68,1.31
1776345576.7405968,79.0,1.34
1776345578.7420962,70.5,1.64
1776345580.7439833,66.03,1.89
1776345582.7500334,71.38,1.06
1776345584.7521396,62.0,1.98
1776345586.7545135,72.11,1.85
1776345588.7563944,68.16,1.03
1776345590.762219,74.26,1.34
1776345592.7637765,67.82,1.36
1776345594.7659647,64.7,1.69
1776345596.767813,72.15,1.5
1776345598.7698638,70.2,1.05
1776345600.7712889,63.77,1.31
1776345602.7733746,69.12,1.54
1776345604.775179,76.37,1.96
1776345606.7767885,77.38,1.08
1776345608.778711,74.75,1.85
1776345610.7801323,74.95,1.33
1776345612.782129,69.41,1.12
1776345614.7843516,62.27,1.84
1776345616.7860568,60.53,1.13
1776345618.7879043,79.43,1.41
1776345620.7898076,76.08,1.02
1776345622.7922056,64.08,1.08
1776345624.7943778,66.68,1.4
1776345626.796407,70.54,1.94
1776345628.8028612,73.41,1.8
1776345630.8047383,72.37,1.25
1776345632.8067212,73.12,1.93
1776345634.8093536,62.93,1.16
1776345636.815488,79.07,1.27
1776345638.8179607,66.46,1.12
1776345640.823829,67.62,1.81
1776345642.8266528,61.62,1.35
1776345644.8283076,73.27,1.69
1776345646.8304915,73.73,1.25
1776345648.8319545,73.9,1.75
1776345650.8338976,63.68,1.04
1776345652.8356946,75.29,1.86
1776345654.8372297,74.95,1.15
1776345656.8394167,77.63,1.95
1776345658.8413193,72.56,1.92
1776345660.8472638,75.93,1.76
1776345662.8490798,67.97,1.54
1776345664.8507493,69.37,1.97
1776345666.8523097,77.58,1.69
1776345668.8540885,61.34,1.79
1776345670.855895,68.57,1.1
1776345672.857285,60.92,1.02
1776345674.8591206,73.12,1.54
1776345676.861082,66.94,1.27
1776345678.863158,60.7,1.56
1776345680.8651671,65.0,1.91
1776345682.8673677,74.06,1.51
1776345684.8693223,68.01,1.94
1776345686.8713775,67.94,1.56
1776345688.8728092,69.44,1.8
1776345690.874632,61.42,1.74
1776345692.8767745,67.65,1.75
1776345694.8788006,69.77,1.68
1776345696.8806956,68.63,1.41
1776345698.8826885,72.17,1.88
1776345700.884606,61.78,1.58
1776345702.8866615,62.71,1.32
1776345704.888419,68.76,1.31
1776345706.8898585,69.97,1.79
1776345708.908628,69.0,1.89
1776345710.9104679,65.71,1.9
1776345712.9126537,66.49,1.9
1776345714.9146864,74.78,1.57
1776345716.920837,63.27,1.76
1776345718.9227881,73.32,1.04
1776345720.924588,63.67,1.65
1776345722.9269927,69.83,1.06
1776345724.92888,69.48,1.58
1776345726.9309285,78.82,1.53
1776345728.9331174,65.75,1.04
1776345730.9344835,63.26,1.91
1776345732.9364183,79.63,1.24
1776345734.9382863,66.45,1.31
1776345736.9403071,66.03,1.56
1776345738.9422684,67.1,1.45
1776345740.9441426,76.78,1.84
1776345742.9462955,61.83,1.4
1776345744.948335,60.33,1.25
1776345746.950715,62.31,1.07
1776345748.9525526,75.96,1.64
1776345750.9584134,70.91,1.6
1776345752.9886904,79.41,1.82
1776345754.9912167,77.19,1.87
1776345756.9937284,78.88,1.5
1776345758.9968462,71.74,1.91
1776345760.9988027,71.64,1.45
1776345763.0067573,62.76,1.0
1776345765.0093267,79.89,1.48
1776345767.0111463,79.69,1.57
1776345769.0135787,74.18,1.79
1776345771.0197737,70.35,1.11
1776345773.0218565,63.06,1.45
1776345775.0233762,75.23,1.91
1776345777.0287826,70.36,1.96
1776345779.0307605,74.94,1.54
1776345781.0334182,75.0,1.44
1776345783.035398,62.59,1.17
1776345785.0394475,71.49,1.77
1776345787.0453634,70.69,1.9
1776345789.0486856,76.37,1.66
1776345791.0538673,70.37,1.95
1776345793.0557616,67.21,1.82
1776345795.0619195,63.35,1.21
1776345797.0650525,63.59,1.34
1776345799.0673268,62.8,1.87
1776345801.069991,66.47,1.85
1776345803.072033,69.24,1.35
1776345805.074182,63.24,1.18
1776345807.0754948,74.11,1.59
1776345809.0770733,73.48,1.47
1776345811.0791478,75.49,1.28
1776345813.0808322,69.59,1.02
1776345815.0828102,66.25,1.34
1776345817.084309,72.04,1.13
1776345819.0860112,77.0,1.28
1776345821.0887544,69.12,1.4
1776345823.0905824,71.35,1.36
1776345825.0923414,78.88,1.6
1776345827.0960405,72.4,1.31
1776345829.097505,62.3,1.59
1776345831.0996351,79.76,1.36
1776345833.1014776,65.46,1.5
1776345835.1030777,74.89,1.84
1776345837.1068742,75.36,1.6
1776345839.109142,72.41,1.54
1776345841.110388,66.25,1.22
1776345843.1125374,71.24,1.94
1776345845.1162033,61.34,1.92
1776345847.1183856,68.56,1.72
1776345849.1202703,63.13,1.43
1776345851.121881,70.2,1.88
1776345853.123753,60.87,1.26
1776345855.1506798,68.99,1.84
1776345857.1525033,70.57,1.7
1776345859.1544726,79.66,1.27
1776345861.1562734,63.7,1.96
1776345863.158012,64.54,1.32
1776345865.1615107,65.05,1.33
1776345867.164034,62.99,1.19
1776345869.1688673,78.17,1.06
1776345871.170406,61.04,1.52
1776345873.172573,65.0,1.67
1776345875.1750615,73.69,1.47
1776345877.1769383,64.14,1.19
1776345879.178708,74.08,1.47
1776345881.1810262,60.92,1.79
1776345883.183343,66.43,1.48
1776345885.1855383,63.14,1.37
1776345887.1873753,75.26,1.6
1776345889.189306,74.17,1.36
1776345891.1910958,69.18,1.72
1776345893.1932626,79.66,1.98
1776345895.1954122,63.05,1.92
1776345897.197772,63.35,1.34
1776345899.2002275,61.88,1.24
1776345901.202297,76.21,1.34
1776345903.2041051,79.74,1.97
1776345905.2055926,66.78,1.69
1776345907.207426,78.19,1.06
1776345909.2093751,77.32,1.29
1776345911.212069,67.91,1.69
1776345913.2146091,65.31,1.21
1776345915.2175078,60.66,1.32
1776345917.2194197,74.5,1.46
1776345919.2212894,69.0,1.02
1776345921.2232533,76.84,1.13
1776345923.2259605,78.17,1.5
1776345925.2286,71.07,1.38
1776345927.2311335,70.08,1.38
1776345929.233853,77.77,1.19
1776345931.235853,79.51,1.07
1776345933.23708,62.01,1.29
1776345935.2390485,69.77,1.08
1776345937.2409716,61.94,1.25
1776345939.242895,78.98,1.22
1776345941.2449043,65.91,1.77
1776345943.24672,74.08,1.8
1776345945.2485695,75.95,1.91
1776345947.250664,65.41,1.95
1776345949.2527099,72.67,1.94
1776345951.2554734,68.11,1.84
1776345953.257349,79.93,1.54
1776345955.2587554,71.77,1.01
1776345957.2607043,71.79,1.42
1776345959.2625754,78.54,1.16
1776345961.2650263,76.94,1.04
1776345963.2670894,76.79,1.34
1776345965.2688394,68.96,1.0
1776345967.2718737,66.02,1.13
1776345969.2744234,60.87,1.35
1776345971.2767308,77.89,1.0
1776345973.2791252,77.83,1.94
1776345975.2811933,74.47,1.6
1776345977.2835934,62.4,1.21
1776345979.2855325,63.92,1.79
1776345981.2875547,60.73,1.47
1776345983.2909656,65.57,1.77
1776345985.293401,76.08,1.09
1776345987.2955039,79.89,1.75
1776345989.2976236,63.07,1.46
1776345991.2994974,64.04,1.57
1776345993.3017118,66.83,1.12
1776345995.3039825,68.58,1.87
1776345997.3055723,79.38,1.64
1776345999.3076987,64.92,1.14
1776346001.3102121,65.58,1.9
1776346003.3124368,70.08,1.68
1776346005.3144546,60.58,1.18
1776346007.317169,77.74,1.5
1776346009.3203628,63.04,1.92
1776346011.3238828,68.75,1.39
1776346013.3255606,77.73,1.33
1776346015.327304,62.13,1.37
1776346017.3293924,73.89,1.64
1776346019.3314722,77.63,1.25
1776346021.3334882,70.77,1.34
1776346023.3361857,79.96,1.48
1776412791.0610752,63.44,1.36
1776412793.0806072,62.54,1.17
1776412795.1216052,60.86,1.93
1776412797.125296,78.75,1.18
1776412799.128225,67.49,1.28
1776412801.1331377,62.7,1.11
1776412803.136371,77.08,1.98
1776412805.1387959,63.49,1.53
1776412807.141014,74.82,1.98
1776412809.150692,74.14,1.55
1776412811.1527834,64.88,1.02
1776412813.1582649,63.91,1.27
1776412815.1621857,77.62,1.53
1776412817.1652951,77.12,1.37
1776412819.171599,68.65,1.76
1776412821.1738825,78.68,1.2
1776412823.1758776,66.14,1.86
1776412825.179887,62.87,1.85
1776412827.1817982,68.56,1.5
1776412829.1838083,61.25,1.21
1776412831.1917496,75.98,1.39
1776412833.1937163,60.74,1.46
1776412835.1960535,72.44,1.93
1776412837.1977918,79.86,1.41
1776412839.2012455,79.99,1.74
1776412841.2038493,67.2,1.96
1776412843.2063591,67.83,1.57
1776412845.209356,68.2,1.6
1776412847.2119832,72.09,1.76
1776412849.210639,61.86,1.1
1776412851.2123008,60.22,1.09
1776412853.2156277,78.91,1.56
1776412855.2192013,75.94,1.44
1776412857.2208543,65.36,1.97
1776412859.223259,72.02,1.88
1776412861.225552,66.76,1.51
1776412863.2271438,68.11,1.06
1776412865.2305238,75.69,1.36
1776412867.232044,68.51,1.93
1776412869.2349832,61.97,1.65
1776412871.2373412,71.01,1.93
1776412873.2389884,78.78,1.74
1776412875.241631,67.41,1.51
1776412877.24278,62.16,1.49
1776412879.247412,62.4,1.14
1776412881.2491639,72.83,1.69
1776412883.251911,61.23,1.95
1776412885.253551,74.41,1.24
1776412887.254883,64.22,1.09
1776412889.256313,72.8,1.72
1776412891.257705,79.58,1.14
1776412893.2611015,62.07,1.47
1776412895.2630553,74.09,1.24
1776412897.2649543,64.48,1.19
1776412899.2674017,71.48,1.56
1776412901.2691367,78.72,1.61
1776412903.270822,78.1,1.8
1776412905.2723303,76.37,1.83
1776412907.273755,63.92,1.69
1776412909.2764134,75.59,1.67
1776412911.278348,75.65,1.53
1776412913.2801914,68.58,1.45
1776412915.2907038,79.51,1.18
1776412917.2925847,65.71,1.62
1776412919.2942188,70.74,1.16
1776412921.2957466,76.82,1.04
1776412923.297283,73.61,1.79
1776412925.2990818,66.44,1.37
1776412927.3007383,63.87,1.03
1776412929.302743,67.68,1.95
1776412931.3045948,71.56,1.86
1776412933.3069026,79.56,1.88
1776412935.3091698,67.92,1.54
1776412937.3141358,62.29,1.72
1776412939.3200862,75.01,1.2
1776412941.322176,66.44,1.23
1776412943.323739,64.56,1.91
1776412945.3250685,74.05,1.37
1776412947.3264353,78.08,1.51
1776412949.3293467,65.87,1.08
1776412951.332148,74.51,1.15
1776412953.3337395,71.31,1.72
1776412955.3391716,63.62,1.02
1776412957.3406153,67.51,1.64
1776412959.3419151,70.24,1.27
1776412961.3441274,79.24,1.04
1776412963.3454854,63.4,1.49
1776412965.3474474,70.46,1.13
1776412967.3499115,76.99,1.75
1776412969.3535147,67.03,1.15
1776412971.3553133,76.21,1.01
1776412973.3568492,67.27,1.56
1776412975.359121,72.22,1.21
1776412977.360678,60.75,1.17
1776412979.362725,62.05,1.45
1776412981.3645422,69.71,1.66
1776412983.3659341,64.44,1.68
1776412985.3675792,60.48,1.95
1776412987.369284,66.52,1.26
1776412989.3754115,72.84,1.61
1776412991.377555,63.36,1.13
1776412993.3788967,60.73,1.98
1776412995.3806438,64.28,1.6
1776412997.3866632,61.06,1.25
1776412999.3925354,67.35,1.65
1776413001.3984222,63.06,1.32
1776413003.3996916,72.77,1.44
1776413005.4016514,68.0,1.63
1776413007.407339,79.83,1.02
1776413009.4092906,66.18,1.7
1776413011.4114528,74.69,1.04
1776413013.4126773,60.78,1.01
1776413015.4147644,64.18,1.15
1776413017.4171917,76.37,1.39
1776413019.422909,77.22,1.2
1776413021.4284418,65.06,1.28
1776413023.4296193,67.5,1.1
1776413025.4313061,70.02,1.72
1776413027.4334328,66.57,1.73
1776413029.4386692,67.3,1.46
1776413031.4422822,70.6,1.99
1776413033.4439743,67.58,1.8
1776413035.4461703,72.32,1.87
1776413037.4476697,71.62,1.85
1776413039.4499998,67.77,1.77
1776413041.4517903,62.73,1.17
1776413043.45313,74.35,1.68
1776413045.4548995,61.37,1.31
1776413047.4561024,65.2,1.67
1776413049.4583566,66.22,1.2
1776413051.4603865,69.47,1.61
1776413053.4618187,62.56,1.1
1776413055.4636617,73.36,1.67
1776413057.4650402,73.04,1.66
1776413059.4668272,63.1,1.37
1776413061.4727316,70.23,1.21
1776413063.47428,70.29,1.46
1776413065.4763095,68.01,1.22
1776413067.4810388,77.35,1.43
1776413069.48258,75.15,1.33
1776413071.484571,69.79,1.59
1776413073.4865294,79.54,1.44
1776413075.4882848,67.41,1.7
1776413077.4940994,77.21,1.91
1776413079.4953895,60.36,1.4
1776413081.4967458,76.25,1.01
1776413083.498695,72.82,1.29
1776413085.5030074,69.57,1.91
1776413087.5053892,73.33,1.04
1776413089.5070777,73.48,1.27
1776413091.5087464,72.87,1.78
1776413093.5099487,65.62,1.11
1776413095.5116735,63.92,1.02
1776413097.513834,73.53,1.51
1776413099.5164442,75.89,1.89
1776413101.5182896,64.09,1.32
1776413103.5197506,63.98,1.89
1776413105.5214648,77.9,1.96
1776413107.5270495,77.38,1.3
1776413109.5283015,77.9,1.59
1776413111.529829,64.18,1.61
1776413113.5311942,72.39,1.57
1776413115.533271,73.95,1.77
1776413117.5357535,63.6,1.47
1776413119.5352268,62.3,1.73
1776413121.5375795,64.06,1.85
1776413123.5390599,61.58,1.61
1776413125.541129,73.88,1.73
1776413127.543309,70.65,1.06
1776413129.5455067,62.52,1.95
1776413131.5504699,73.45,1.14
1776413133.5535223,67.58,1.9
1776413135.5570884,65.9,1.4
1776413137.559318,74.24,1.64
1776413139.5608995,74.79,1.92
1776413141.5632977,71.86,1.15
1776413143.565465,69.19,1.0
1776413145.566898,65.39,1.8
1776413147.5715425,71.34,1.54
1776413149.5791996,69.14,1.88
1776413151.581312,69.24,1.88
1776413153.5850847,72.83,1.22
1776413155.589885,68.53,1.5
1776413157.5945525,75.2,1.05
1776413159.5968337,62.49,1.2
1776413161.5989964,68.47,1.91
1776413163.6007013,62.11,1.1
1776413165.603122,79.3,1.55
1776413167.6058872,69.15,1.98
1776413169.6076665,75.35,1.36
1776413171.6094892,64.94,1.22
1776413173.6112213,65.63,1.58
1776413175.6130738,72.98,1.6
1776413177.6155672,69.75,1.58
1776413179.6148372,75.33,1.93
1776413181.6170442,76.45,1.55
1776413183.6192584,60.58,1.2
1776413185.621019,63.12,1.75
1776413187.622526,71.08,1.67
1776413189.6242747,76.6,1.9
1776413191.6261835,64.31,1.65
1776413193.6281152,66.68,1.45
1776413195.6295328,72.28,1.78
1776413197.6338878,66.68,1.13
1776413199.6360745,76.67,1.33
1776413201.6379573,71.21,1.8
1776413203.650233,61.58,1.82
1776413205.6525443,73.58,1.01
1776413207.6552622,65.91,1.33
1776413209.6585739,69.05,1.24
1776413211.661459,75.78,1.19
1776413213.6655514,79.72,1.73
1776413215.6681082,74.78,1.08
1776413217.670684,67.18,1.2
1776413219.6731327,66.94,1.34
1776413221.6754746,75.76,1.08
1776413223.6779802,76.77,1.96
1776413225.6797996,69.58,1.84
1776413227.6816647,79.84,1.03
1776413229.6840649,77.66,1.49
1776413231.6864874,65.64,1.96
1776413233.698524,61.01,1.19
1776413235.7002332,70.57,1.92
1776413237.7024214,77.43,1.9
1776413239.7040935,67.23,1.4
1776413241.7062414,75.56,1.86
1776413243.7079318,65.27,1.48
1776413245.7098653,65.12,1.58
1776413247.7126758,67.14,1.48
1776413249.7151694,66.16,1.5
1776413251.71822,65.63,1.14
1776413253.7204518,74.38,1.55
1776413255.7227783,65.41,1.36
1776413257.7246342,72.58,1.93
1776413259.7264128,65.45,1.73
1776413261.7277064,60.48,1.34
1776413263.7299917,75.61,1.84
1776413265.732162,68.94,1.75
1776413267.7343419,69.6,1.72
1776413269.7362285,73.64,1.95
1776413271.7382555,60.06,1.88
1776413273.740125,67.36,1.21
1776413275.742192,69.57,1.79
1776413277.74427,76.79,1.52
1776413279.7461057,72.73,1.64
1776413281.747599,74.66,1.09
1776413283.7489727,68.18,1.99
1776413285.7505894,75.08,1.69
1776413287.7518384,71.26,1.35
1776413289.7533057,74.57,1.17
1776413291.754675,68.5,1.74
1776413293.7568934,67.16,1.19
1776413295.7590508,65.52,1.26
1776413297.7604976,60.15,1.73
1776413299.7619495,63.38,1.53
1776413301.7635741,69.23,1.56
1776413303.765225,72.06,1.89
1776413305.7667909,70.43,1.05
1776413307.7685456,60.89,1.85
1776413309.7699597,60.8,1.84
1776413311.7715151,68.79,1.26
1776413313.773316,66.14,1.55
1776413315.775086,69.47,1.36
1776413317.7765949,63.24,1.48
1776413319.7783012,67.63,1.52
1776413321.7801642,73.35,1.25
1776413323.7824643,64.88,1.65
1776413325.7844918,77.39,1.74
1776413327.7877321,64.11,1.8
1776413329.790292,77.36,1.09
1776413331.792017,62.88,1.79
1776413333.7958264,69.79,1.85
1776413335.7980719,66.76,1.82
1776413337.8011577,68.02,1.95
1776413339.803097,62.51,1.37
1776413341.8048637,72.47,1.14
1776413343.8068497,69.28,1.17
1776413345.809823,76.08,1.34
1776413347.8119423,72.37,1.02
1776413349.8138816,80.0,1.19
1776413351.8155375,73.18,1.4
1776413353.8183568,61.18,1.47
1776413355.8208718,76.1,1.48
1776413357.8223252,61.99,1.82
1776413359.8237205,69.57,1.91
1776413361.8258576,75.48,1.24
1776413363.8281772,78.69,1.47
1776413365.8306057,70.36,1.2
1776413367.8326986,63.76,1.84
1776413369.8357162,62.0,1.86
1776413371.8374424,75.34,1.89
1776413373.8393517,73.36,1.53
1776413375.8415585,64.74,1.35
1776413377.8442376,71.55,1.51
1776413379.8461256,63.43,1.08
1776413381.8485074,61.8,1.47
1776413383.851692,62.36,1.75
1776413385.8555076,71.94,1.99
1776413387.857526,70.69,1.45
1776413389.8590071,78.46,1.58
1776413391.8605351,69.13,1.99
1776413393.86426,73.49,1.35
1776413395.8665195,60.67,1.64
1776413397.868415,72.26,1.91
1776413399.8709278,71.42,1.92
1776413401.8748894,72.79,1.21
1776413403.876528,75.49,1.47
1776413405.8789017,75.72,1.26
1776413407.8810146,67.44,1.3
1776413409.8833895,72.65,1.8
1776413411.8854256,72.16,1.76
1776413413.887015,61.4,1.69
1776413415.8884003,70.68,1.12
1776413417.890125,63.09,1.32
1776413419.8934798,79.14,1.41
1776413421.895957,77.4,1.62
1776413423.8973835,65.83,1.7
1776413425.8991563,67.11,1.24
1776413427.9007456,73.81,1.51
1776413429.9031322,68.33,1.06
1776413431.9050124,77.67,1.9
1776413433.9062192,76.03,1.77
1776413435.9099662,78.58,1.56
1776413437.914162,72.5,1.64
1776413439.9174194,64.65,1.9
1776413441.9190822,60.21,1.56
1776413443.9202335,68.38,1.24
1776413445.9220998,70.71,1.7
1776413447.9242892,77.39,1.67
1776413449.9263222,67.93,1.22
1776413451.9278333,66.43,1.72
1776413453.929813,65.29,1.51
1776413455.9313438,66.32,1.34
1776413457.9325762,74.61,1.87
1776413459.9346726,60.04,1.12
1776413461.9410808,63.75,1.83
1776413463.9425213,62.51,1.51
1776413465.9445858,79.26,1.37
1776413467.9498403,60.21,1.32
1776413469.9511917,74.04,1.19
1776413471.9529219,79.95,1.8
1776413473.954526,77.78,1.35
1776413475.958525,60.39,1.17
1776413477.9606164,74.55,1.91
1776413479.9622407,75.56,1.82
1776413481.9645476,65.17,1.53
1776413483.9661396,70.69,1.62
1776413485.9706476,65.41,1.47
1776413487.9733903,68.83,1.92
1776413489.9753382,61.49,1.54
1776413491.978099,75.69,1.09
1776413493.980563,60.41,1.88
1776413495.9824152,79.95,1.38
1776413497.98496,76.45,1.02
1776413499.9873676,62.71,1.89
1776413501.9895601,62.84,1.89
1776413503.9913502,78.72,1.25
1776413505.993345,66.08,1.78
1776413507.9947462,61.78,1.5
